{
  "_format": "hh-sol-cache-2",
  "files": {
    "C:\\Users\\Mark\\Desktop\\Blockchain\\ToDoList\\contracts\\ToDoList.sol": {
      "lastModificationDate": 1732643859692,
      "contentHash": "6a37e6720c27b04387e427daf71a0391",
      "sourceName": "contracts/ToDoList.sol",
      "solcConfig": {
        "version": "0.8.27",
        "settings": {
          "evmVersion": "paris",
          "optimizer": {
            "enabled": false,
            "runs": 200
          },
          "outputSelection": {
            "*": {
              "*": [
                "abi",
                "evm.bytecode",
                "evm.deployedBytecode",
                "evm.methodIdentifiers",
                "metadata"
              ],
              "": [
                "ast"
              ]
            }
          }
        }
      },
      "imports": [],
      "versionPragmas": [
        "^0.8.27"
      ],
      "artifacts": [
        "ToDoList"
      ]
    }
  }
}
